Dataset,Model,AUC,ACC,LOSS,n_samples
ACSF1,FEDformer,0.709333,0.190000,0.294364,100
ACSF1,Informer,0.730444,0.300000,0.295328,100
ACSF1,TS2Vec,0.620444,0.180000,0.442712,100
ACSF1,Two-Tower,0.927778,0.620000,0.183677,100
Adiac,FEDformer,0.853424,0.202046,0.110309,391
Adiac,Informer,0.611339,0.015345,0.125706,391
Adiac,TS2Vec,0.550129,0.020460,0.126271,391
Adiac,Two-Tower,0.920727,0.375959,0.081418,391
AllGestureWiimoteX,FEDformer,0.654338,0.165932,0.317085,681
AllGestureWiimoteX,Informer,0.708022,0.236417,0.317532,681
AllGestureWiimoteX,TS2Vec,0.549247,0.232012,0.330218,681
AllGestureWiimoteX,Two-Tower,0.761985,0.337739,0.276840,681
AllGestureWiimoteY,FEDformer,0.686114,0.179845,0.307119,645
AllGestureWiimoteY,Informer,0.728132,0.207752,0.317076,645
AllGestureWiimoteY,TS2Vec,0.559279,0.302326,0.328638,645
AllGestureWiimoteY,Two-Tower,0.846381,0.468217,0.237549,645
AllGestureWiimoteZ,FEDformer,0.686849,0.210219,0.308488,685
AllGestureWiimoteZ,Informer,0.703426,0.229197,0.316101,685
AllGestureWiimoteZ,TS2Vec,0.545711,0.201460,0.331598,685
AllGestureWiimoteZ,Two-Tower,0.782985,0.316788,0.278300,685
ArrowHead,FEDformer,0.821244,0.645714,0.532559,175
ArrowHead,Informer,0.760785,0.525714,0.619364,175
ArrowHead,TS2Vec,0.506696,0.308571,0.650006,175
ArrowHead,Two-Tower,0.865077,0.720000,0.483826,175
BME,FEDformer,0.943467,0.933333,0.526496,150
BME,Informer,0.794067,0.493333,0.578399,150
BME,TS2Vec,0.673733,0.333333,0.651173,150
BME,Two-Tower,0.871000,0.613333,0.473450,150
Beef,FEDformer,0.659722,0.200000,0.497244,30
Beef,Informer,0.655556,0.200000,0.525322,30
Beef,TS2Vec,0.558333,0.233333,0.579615,30
Beef,Two-Tower,0.813889,0.400000,0.402104,30
BeetleFly,FEDformer,0.950000,0.850000,0.600337,20
BeetleFly,Informer,0.490000,0.450000,0.695482,20
BeetleFly,TS2Vec,0.130000,0.500000,0.702047,20
BeetleFly,Two-Tower,0.940000,0.900000,0.405587,20
BirdChicken,FEDformer,1.000000,0.900000,0.498309,20
BirdChicken,Informer,1.000000,0.900000,0.652749,20
BirdChicken,TS2Vec,0.880000,0.750000,0.681495,20
BirdChicken,Two-Tower,0.670000,0.600000,0.669670,20
CBF,FEDformer,0.526550,0.312222,0.651508,900
CBF,Informer,0.946725,0.592222,0.540060,900
CBF,TS2Vec,0.858215,0.475556,0.642187,900
CBF,Two-Tower,0.969443,0.916667,0.291602,900
Car,FEDformer,0.754036,0.283333,0.562675,60
Car,Informer,0.763649,0.216667,0.583483,60
Car,TS2Vec,0.587276,0.216667,0.576876,60
Car,Two-Tower,0.845916,0.633333,0.439288,60
Chinatown,FEDformer,0.952234,0.845481,0.473947,343
Chinatown,Informer,0.955225,0.862974,0.647841,343
Chinatown,TS2Vec,0.747629,0.492711,0.693289,343
Chinatown,Two-Tower,0.972998,0.848397,0.330689,343
ChlorineConcentration,FEDformer,0.555480,0.556250,0.582383,3840
ChlorineConcentration,Informer,0.541571,0.558073,0.586561,3840
ChlorineConcentration,TS2Vec,0.503148,0.532552,0.599096,3840
ChlorineConcentration,Two-Tower,0.649184,0.570052,0.555016,3840
CinCECGTorso,FEDformer,0.771977,0.460145,0.515296,1380
CinCECGTorso,Informer,0.581975,0.318116,0.564634,1380
CinCECGTorso,TS2Vec,0.527780,0.289130,0.606625,1380
CinCECGTorso,Two-Tower,0.995196,0.948551,0.099205,1380
Coffee,FEDformer,1.000000,0.964286,0.659896,28
Coffee,Informer,0.897436,0.571429,0.689255,28
Coffee,TS2Vec,0.615385,0.571429,0.692967,28
Coffee,Two-Tower,0.923077,0.821429,0.633252,28
CricketX,FEDformer,0.703533,0.200000,0.275724,390
CricketX,Informer,0.783730,0.300000,0.260562,390
CricketX,TS2Vec,0.679577,0.220513,0.281661,390
CricketX,Two-Tower,0.876549,0.538462,0.194652,390
CricketY,FEDformer,0.718511,0.151282,0.270002,390
CricketY,Informer,0.736328,0.266667,0.268117,390
CricketY,TS2Vec,0.646163,0.189744,0.282490,390
CricketY,Two-Tower,0.891519,0.525641,0.191079,390
CricketZ,FEDformer,0.694646,0.161538,0.274777,390
CricketZ,Informer,0.783150,0.351282,0.259485,390
CricketZ,TS2Vec,0.683996,0.143590,0.281700,390
CricketZ,Two-Tower,0.863436,0.558974,0.192180,390
Crop,FEDformer,0.951437,0.624389,0.081584,16778
Crop,Informer,0.956248,0.594469,0.078904,16778
Crop,TS2Vec,0.884027,0.489391,0.119369,16778
Crop,Two-Tower,0.958635,0.685719,0.067332,16778
DiatomSizeReduction,FEDformer,0.803947,0.300654,0.531696,306
DiatomSizeReduction,Informer,0.521892,0.284314,0.593645,306
DiatomSizeReduction,TS2Vec,0.501753,0.307190,0.617844,306
DiatomSizeReduction,Two-Tower,0.984388,0.500000,0.465192,306
DistalPhalanxOutlineAgeGroup,FEDformer,0.736666,0.575758,0.524417,99
DistalPhalanxOutlineAgeGroup,Informer,0.743593,0.646465,0.508463,99
DistalPhalanxOutlineAgeGroup,TS2Vec,0.676268,0.575758,0.563509,99
DistalPhalanxOutlineAgeGroup,Two-Tower,0.771343,0.666667,0.444356,99
DistalPhalanxOutlineCorrect,FEDformer,0.823374,0.753769,0.511460,199
DistalPhalanxOutlineCorrect,Informer,0.815957,0.758794,0.522650,199
DistalPhalanxOutlineCorrect,TS2Vec,0.734160,0.608040,0.676884,199
DistalPhalanxOutlineCorrect,Two-Tower,0.800487,0.753769,0.523416,199
DistalPhalanxTW,FEDformer,0.751423,0.414894,0.439508,94
DistalPhalanxTW,Informer,0.728474,0.414894,0.451760,94
DistalPhalanxTW,TS2Vec,0.534084,0.414894,0.463591,94
DistalPhalanxTW,Two-Tower,0.798530,0.563830,0.362054,94
DodgerLoopDay,FEDformer,0.487357,0.150000,0.410256,80
DodgerLoopDay,Informer,0.675548,0.300000,0.404298,80
DodgerLoopDay,TS2Vec,0.516536,0.175000,0.454513,80
DodgerLoopDay,Two-Tower,0.777050,0.412500,0.316566,80
DodgerLoopGame,FEDformer,0.565236,0.492754,0.694453,138
DodgerLoopGame,Informer,0.471170,0.434783,0.693163,138
DodgerLoopGame,TS2Vec,0.625210,0.427536,0.692051,138
DodgerLoopGame,Two-Tower,0.777567,0.731884,0.598922,138
DodgerLoopWeekend,FEDformer,0.541667,0.739130,0.677179,138
DodgerLoopWeekend,Informer,0.955338,0.927536,0.611246,138
DodgerLoopWeekend,TS2Vec,0.223856,0.731884,0.679790,138
DodgerLoopWeekend,Two-Tower,0.982026,0.978261,0.162874,138
ECG200,FEDformer,0.878038,0.750000,0.447968,100
ECG200,Informer,0.861111,0.740000,0.495974,100
ECG200,TS2Vec,0.697049,0.640000,0.647021,100
ECG200,Two-Tower,0.850260,0.670000,0.572238,100
ECG5000,FEDformer,0.822990,0.930889,0.086073,4500
ECG5000,Informer,0.705824,0.927778,0.109814,4500
ECG5000,TS2Vec,0.738565,0.873111,0.233524,4500
ECG5000,Two-Tower,0.918075,0.935778,0.078855,4500
ECGFiveDays,FEDformer,0.973646,0.646922,0.629603,861
ECGFiveDays,Informer,0.817163,0.632985,0.595589,861
ECGFiveDays,TS2Vec,0.870200,0.497096,0.696327,861
ECGFiveDays,Two-Tower,0.925250,0.716609,0.528747,861
EOGHorizontalSignal,FEDformer,0.642543,0.190608,0.267346,362
EOGHorizontalSignal,Informer,0.787194,0.245856,0.252916,362
EOGHorizontalSignal,TS2Vec,0.696224,0.339779,0.276562,362
EOGHorizontalSignal,Two-Tower,0.855209,0.464088,0.249147,362
EOGVerticalSignal,FEDformer,0.616999,0.116022,0.280202,362
EOGVerticalSignal,Informer,0.770537,0.251381,0.265177,362
EOGVerticalSignal,TS2Vec,0.691038,0.312155,0.276315,362
EOGVerticalSignal,Two-Tower,0.850673,0.441989,0.257260,362
Earthquakes,FEDformer,0.702473,0.748201,0.519384,139
Earthquakes,Informer,0.680769,0.748201,0.529925,139
Earthquakes,TS2Vec,0.655769,0.748201,0.568472,139
Earthquakes,Two-Tower,0.578022,0.733813,0.583525,139
EthanolLevel,FEDformer,0.600897,0.334000,0.549274,500
EthanolLevel,Informer,0.544621,0.248000,0.577227,500
EthanolLevel,TS2Vec,0.519326,0.242000,0.562024,500
EthanolLevel,Two-Tower,0.562463,0.298000,0.567459,500
FaceAll,FEDformer,0.862548,0.635503,0.201186,1690
FaceAll,Informer,0.801310,0.414201,0.226163,1690
FaceAll,TS2Vec,0.782418,0.450888,0.252220,1690
FaceAll,Two-Tower,0.948036,0.718343,0.151754,1690
FaceFour,FEDformer,0.661882,0.320988,0.589531,81
FaceFour,Informer,0.813369,0.320988,0.588951,81
FaceFour,TS2Vec,0.634964,0.456790,0.584615,81
FaceFour,Two-Tower,0.906479,0.716049,0.358023,81
FacesUCR,FEDformer,0.733130,0.236098,0.232367,2050
FacesUCR,Informer,0.713958,0.316098,0.238329,2050
FacesUCR,TS2Vec,0.614698,0.145854,0.257835,2050
FacesUCR,Two-Tower,0.941025,0.745366,0.119065,2050
FiftyWords,FEDformer,0.737208,0.263736,0.081709,455
FiftyWords,Informer,0.591826,0.153846,0.090729,455
FiftyWords,TS2Vec,0.516981,0.202198,0.091758,455
FiftyWords,Two-Tower,0.896044,0.657143,0.044706,455
Fish,FEDformer,0.874472,0.554286,0.362782,175
Fish,Informer,0.799364,0.274286,0.419535,175
Fish,TS2Vec,0.610324,0.131429,0.414125,175
Fish,Two-Tower,0.928492,0.760000,0.184456,175
FordA,FEDformer,0.700096,0.643939,0.637196,1320
FordA,Informer,0.924216,0.827273,0.337816,1320
FordA,TS2Vec,0.961844,0.903030,0.389541,1320
FordA,Two-Tower,0.582592,0.568939,0.694685,1320
FordB,FEDformer,0.640081,0.601235,0.721945,810
FordB,Informer,0.733643,0.665432,0.740526,810
FordB,TS2Vec,0.816852,0.756790,0.549158,810
FordB,Two-Tower,0.492455,0.502469,0.693945,810
FreezerRegularTrain,FEDformer,0.981125,0.927719,0.405084,2850
FreezerRegularTrain,Informer,0.816702,0.778947,0.529237,2850
FreezerRegularTrain,TS2Vec,0.817311,0.776842,0.659120,2850
FreezerRegularTrain,Two-Tower,0.943235,0.931930,0.256584,2850
FreezerSmallTrain,FEDformer,0.953242,0.792632,0.660786,2850
FreezerSmallTrain,Informer,0.794904,0.751228,0.556167,2850
FreezerSmallTrain,TS2Vec,0.847287,0.799649,0.681164,2850
FreezerSmallTrain,Two-Tower,0.834136,0.755789,0.523981,2850
GestureMidAirD1,FEDformer,0.708985,0.153846,0.155393,130
GestureMidAirD1,Informer,0.686585,0.038462,0.167904,130
GestureMidAirD1,TS2Vec,0.556985,0.138462,0.205854,130
GestureMidAirD1,Two-Tower,0.950523,0.561538,0.078192,130
GestureMidAirD2,FEDformer,0.697292,0.138462,0.155959,130
GestureMidAirD2,Informer,0.730831,0.053846,0.167650,130
GestureMidAirD2,TS2Vec,0.565108,0.069231,0.196700,130
GestureMidAirD2,Two-Tower,0.958462,0.523077,0.082428,130
GestureMidAirD3,FEDformer,0.664246,0.115385,0.158351,130
GestureMidAirD3,Informer,0.686400,0.038462,0.167870,130
GestureMidAirD3,TS2Vec,0.532677,0.038462,0.198979,130
GestureMidAirD3,Two-Tower,0.912123,0.469231,0.103979,130
GesturePebbleZ1,FEDformer,0.770214,0.360465,0.377422,172
GesturePebbleZ1,Informer,0.818455,0.453488,0.399438,172
GesturePebbleZ1,TS2Vec,0.532639,0.168605,0.456602,172
GesturePebbleZ1,Two-Tower,0.962838,0.825581,0.181829,172
GesturePebbleZ2,FEDformer,0.782490,0.398734,0.377654,158
GesturePebbleZ2,Informer,0.803323,0.468354,0.392224,158
GesturePebbleZ2,TS2Vec,0.534675,0.208861,0.451984,158
GesturePebbleZ2,Two-Tower,0.957379,0.791139,0.212573,158
GunPoint,FEDformer,0.992710,0.946667,0.311644,150
GunPoint,Informer,0.851707,0.726667,0.585844,150
GunPoint,TS2Vec,0.387624,0.493333,0.696384,150
GunPoint,Two-Tower,0.977418,0.913333,0.309819,150
GunPointAgeSpan,FEDformer,0.998397,0.971519,0.092742,316
GunPointAgeSpan,Informer,0.978646,0.917722,0.234265,316
GunPointAgeSpan,TS2Vec,0.800280,0.727848,0.678459,316
GunPointAgeSpan,Two-Tower,0.984696,0.927215,0.179953,316
GunPointMaleVersusFemale,FEDformer,0.995341,0.987342,0.155511,316
GunPointMaleVersusFemale,Informer,0.997590,0.939873,0.157441,316
GunPointMaleVersusFemale,TS2Vec,0.995863,0.822785,0.629623,316
GunPointMaleVersusFemale,Two-Tower,0.998956,0.984177,0.041057,316
GunPointOldVersusYoung,FEDformer,0.971354,0.926984,0.281282,315
GunPointOldVersusYoung,Informer,0.938061,0.885714,0.351405,315
GunPointOldVersusYoung,TS2Vec,0.694747,0.634921,0.678243,315
GunPointOldVersusYoung,Two-Tower,0.987313,0.961905,0.175401,315
Ham,FEDformer,0.803195,0.695238,0.650776,105
Ham,Informer,0.722222,0.676190,0.640748,105
Ham,TS2Vec,0.695352,0.523810,0.687616,105
Ham,Two-Tower,0.833333,0.714286,0.516650,105
HandOutlines,FEDformer,0.906602,0.848649,0.374991,370
HandOutlines,Informer,0.929920,0.897297,0.298742,370
HandOutlines,TS2Vec,0.726500,0.640541,0.638228,370
HandOutlines,Two-Tower,0.928682,0.905405,0.312376,370
Haptics,FEDformer,0.601849,0.288961,0.493692,308
Haptics,Informer,0.676974,0.318182,0.506627,308
Haptics,TS2Vec,0.510806,0.198052,0.517839,308
Haptics,Two-Tower,0.730703,0.431818,0.496161,308
Herring,FEDformer,0.517206,0.593750,0.677051,64
Herring,Informer,0.519231,0.593750,0.677623,64
Herring,TS2Vec,0.459514,0.593750,0.676289,64
Herring,Two-Tower,0.574899,0.593750,0.673436,64
HouseTwenty,FEDformer,0.985797,0.974790,0.272229,119
HouseTwenty,Informer,0.894493,0.840336,0.456797,119
HouseTwenty,TS2Vec,0.426377,0.411765,0.695017,119
HouseTwenty,Two-Tower,0.871304,0.840336,0.454864,119
InlineSkate,FEDformer,0.586514,0.169091,0.402023,550
InlineSkate,Informer,0.574775,0.190909,0.417981,550
InlineSkate,TS2Vec,0.492824,0.085455,0.461325,550
InlineSkate,Two-Tower,0.556289,0.160000,0.445015,550
InsectEPGRegularTrain,FEDformer,0.840911,0.730924,0.468776,249
InsectEPGRegularTrain,Informer,0.822042,0.714859,0.464319,249
InsectEPGRegularTrain,TS2Vec,0.644267,0.522088,0.610188,249
InsectEPGRegularTrain,Two-Tower,0.838442,0.690763,0.415487,249
InsectEPGSmallTrain,FEDformer,0.829956,0.670683,0.539068,249
InsectEPGSmallTrain,Informer,0.823634,0.686747,0.550176,249
InsectEPGSmallTrain,TS2Vec,0.730585,0.670683,0.645129,249
InsectEPGSmallTrain,Two-Tower,0.802432,0.650602,0.475339,249
InsectWingbeatSound,FEDformer,0.858854,0.472727,0.250656,1980
InsectWingbeatSound,Informer,0.740741,0.248990,0.298890,1980
InsectWingbeatSound,TS2Vec,0.607758,0.162121,0.306992,1980
InsectWingbeatSound,Two-Tower,0.939300,0.626263,0.159005,1980
ItalyPowerDemand,FEDformer,0.927561,0.841440,0.392218,1028
ItalyPowerDemand,Informer,0.954045,0.907588,0.386705,1028
ItalyPowerDemand,TS2Vec,0.870399,0.824903,0.683218,1028
ItalyPowerDemand,Two-Tower,0.989754,0.950389,0.222850,1028
LargeKitchenAppliances,FEDformer,0.273016,0.235294,0.703457,17
LargeKitchenAppliances,Informer,0.428571,0.411765,0.694663,17
LargeKitchenAppliances,TS2Vec,0.496825,0.294118,0.737854,17
LargeKitchenAppliances,Two-Tower,0.461905,0.176471,0.676849,17
Lightning2,FEDformer,0.656926,0.557377,0.669692,61
Lightning2,Informer,0.743506,0.606557,0.639860,61
Lightning2,TS2Vec,0.597403,0.540984,0.680183,61
Lightning2,Two-Tower,0.751082,0.704918,0.619484,61
Lightning7,FEDformer,0.695947,0.356164,0.385363,73
Lightning7,Informer,0.842440,0.424658,0.372924,73
Lightning7,TS2Vec,0.520378,0.315068,0.464630,73
Lightning7,Two-Tower,0.945413,0.684932,0.216022,73
Mallat,FEDformer,0.779987,0.123241,0.386223,2345
Mallat,Informer,0.737674,0.123241,0.412380,2345
Mallat,TS2Vec,0.426823,0.093817,0.468630,2345
Mallat,Two-Tower,0.991514,0.795309,0.115975,2345
Meat,FEDformer,0.922917,0.550000,0.629892,60
Meat,Informer,0.755417,0.416667,0.635308,60
Meat,TS2Vec,0.772500,0.333333,0.640251,60
Meat,Two-Tower,0.970833,0.866667,0.520253,60
MedicalImages,FEDformer,0.820925,0.555263,0.202371,760
MedicalImages,Informer,0.757762,0.511842,0.234506,760
MedicalImages,TS2Vec,0.501558,0.514474,0.256008,760
MedicalImages,Two-Tower,0.909575,0.614474,0.169945,760
MelbournePedestrian,FEDformer,0.955186,0.786804,0.125555,2425
MelbournePedestrian,Informer,0.952706,0.769072,0.136253,2425
MelbournePedestrian,TS2Vec,0.844962,0.565361,0.287788,2425
MelbournePedestrian,Two-Tower,0.952644,0.789278,0.116650,2425
MiddlePhalanxOutlineAgeGroup,FEDformer,0.590990,0.612245,0.543084,147
MiddlePhalanxOutlineAgeGroup,Informer,0.593695,0.619048,0.557821,147
MiddlePhalanxOutlineAgeGroup,TS2Vec,0.532071,0.598639,0.558624,147
MiddlePhalanxOutlineAgeGroup,Two-Tower,0.573144,0.625850,0.551797,147
MiddlePhalanxOutlineCorrect,FEDformer,0.870021,0.775362,0.473366,276
MiddlePhalanxOutlineCorrect,Informer,0.829167,0.681159,0.612621,276
MiddlePhalanxOutlineCorrect,TS2Vec,0.756813,0.576087,0.678843,276
MiddlePhalanxOutlineCorrect,Two-Tower,0.867494,0.786232,0.468025,276
MiddlePhalanxTW,FEDformer,0.648390,0.400000,0.449610,110
MiddlePhalanxTW,Informer,0.648064,0.400000,0.462185,110
MiddlePhalanxTW,TS2Vec,0.470396,0.400000,0.461050,110
MiddlePhalanxTW,Two-Tower,0.653806,0.427273,0.441644,110
MixedShapesRegularTrain,FEDformer,0.940157,0.871340,0.234715,2425
MixedShapesRegularTrain,Informer,0.929313,0.729485,0.246367,2425
MixedShapesRegularTrain,TS2Vec,0.854924,0.691546,0.452677,2425
MixedShapesRegularTrain,Two-Tower,0.958653,0.841237,0.172385,2425
MixedShapesSmallTrain,FEDformer,0.881580,0.762887,0.384292,2425
MixedShapesSmallTrain,Informer,0.846620,0.735258,0.458096,2425
MixedShapesSmallTrain,TS2Vec,0.596591,0.290722,0.504893,2425
MixedShapesSmallTrain,Two-Tower,0.919892,0.743093,0.254110,2425
MoteStrain,FEDformer,0.824637,0.777060,0.585994,1238
MoteStrain,Informer,0.917291,0.838449,0.560667,1238
MoteStrain,TS2Vec,0.446644,0.489499,0.696782,1238
MoteStrain,Two-Tower,0.961265,0.890953,0.348998,1238
NonInvasiveFetalECGThorax1,FEDformer,0.857657,0.209669,0.096892,1965
NonInvasiveFetalECGThorax1,Informer,0.822167,0.069211,0.100616,1965
NonInvasiveFetalECGThorax1,TS2Vec,0.914731,0.208651,0.103413,1965
NonInvasiveFetalECGThorax1,Two-Tower,0.993971,0.870738,0.020920,1965
NonInvasiveFetalECGThorax2,FEDformer,0.878296,0.251908,0.091573,1965
NonInvasiveFetalECGThorax2,Informer,0.741882,0.097201,0.105104,1965
NonInvasiveFetalECGThorax2,TS2Vec,0.930368,0.252417,0.102613,1965
NonInvasiveFetalECGThorax2,Two-Tower,0.995242,0.899237,0.016118,1965
OSULeaf,FEDformer,0.823405,0.433884,0.380937,242
OSULeaf,Informer,0.726939,0.247934,0.442141,242
OSULeaf,TS2Vec,0.597068,0.181818,0.445865,242
OSULeaf,Two-Tower,0.723120,0.458678,0.423009,242
OliveOil,FEDformer,0.722030,0.400000,0.532679,30
OliveOil,Informer,0.505270,0.400000,0.553628,30
OliveOil,TS2Vec,0.498647,0.400000,0.599001,30
OliveOil,Two-Tower,0.956594,0.400000,0.507742,30
PLAID,FEDformer,0.754193,0.351955,0.252174,537
PLAID,Informer,0.817383,0.463687,0.220327,537
PLAID,TS2Vec,0.779917,0.590317,0.256763,537
PLAID,Two-Tower,0.887662,0.662942,0.172782,537
PhalangesOutlinesCorrect,FEDformer,0.837849,0.778523,0.473760,596
PhalangesOutlinesCorrect,Informer,0.826622,0.778523,0.487762,596
PhalangesOutlinesCorrect,TS2Vec,0.709388,0.647651,0.636495,596
PhalangesOutlinesCorrect,Two-Tower,0.851369,0.805369,0.442758,596
Phoneme,FEDformer,0.473355,0.112988,0.111161,1894
Phoneme,Informer,0.569564,0.112988,0.121432,1894
Phoneme,TS2Vec,0.496155,0.130412,0.158561,1894
Phoneme,Two-Tower,0.535178,0.109293,0.115262,1894
PickupGestureWiimoteZ,FEDformer,0.694667,0.200000,0.308556,50
PickupGestureWiimoteZ,Informer,0.797778,0.200000,0.351838,50
PickupGestureWiimoteZ,TS2Vec,0.520000,0.180000,0.514739,50
PickupGestureWiimoteZ,Two-Tower,0.897333,0.640000,0.202042,50
PigAirwayPressure,FEDformer,0.499434,0.038462,0.095375,208
PigAirwayPressure,Informer,0.502687,0.019231,0.238529,208
PigAirwayPressure,TS2Vec,0.516426,0.028846,0.393117,208
PigAirwayPressure,Two-Tower,0.467642,0.019231,0.099967,208
PigArtPressure,FEDformer,0.502357,0.019231,0.095805,208
PigArtPressure,Informer,0.508602,0.028846,0.239790,208
PigArtPressure,TS2Vec,0.479520,0.004808,0.314846,208
PigArtPressure,Two-Tower,0.478790,0.028846,0.098169,208
PigCVP,FEDformer,0.500495,0.019231,0.095522,208
PigCVP,Informer,0.471743,0.024038,0.235751,208
PigCVP,TS2Vec,0.534125,0.024038,0.333022,208
PigCVP,Two-Tower,0.487368,0.014423,0.098138,208
Plane,FEDformer,0.940574,0.733333,0.335534,105
Plane,Informer,0.967199,0.304762,0.413055,105
Plane,TS2Vec,0.540611,0.114286,0.430540,105
Plane,Two-Tower,0.997893,0.961905,0.055607,105
PowerCons,FEDformer,0.785556,0.716667,0.563929,180
PowerCons,Informer,0.984074,0.922222,0.189977,180
PowerCons,TS2Vec,0.919877,0.816667,0.643083,180
PowerCons,Two-Tower,0.988148,0.972222,0.142302,180
ProximalPhalanxOutlineAgeGroup,FEDformer,0.700107,0.716981,0.423508,106
ProximalPhalanxOutlineAgeGroup,Informer,0.772699,0.773585,0.472325,106
ProximalPhalanxOutlineAgeGroup,TS2Vec,0.550902,0.773585,0.460916,106
ProximalPhalanxOutlineAgeGroup,Two-Tower,0.814645,0.754717,0.362090,106
ProximalPhalanxOutlineCorrect,FEDformer,0.967925,0.925620,0.190854,121
ProximalPhalanxOutlineCorrect,Informer,0.934591,0.917355,0.330348,121
ProximalPhalanxOutlineCorrect,TS2Vec,0.949686,0.876033,0.405449,121
ProximalPhalanxOutlineCorrect,Two-Tower,0.968553,0.942149,0.172647,121
ProximalPhalanxTW,FEDformer,0.784038,0.544715,0.364846,123
ProximalPhalanxTW,Informer,0.833592,0.544715,0.377645,123
ProximalPhalanxTW,TS2Vec,0.517581,0.544715,0.389598,123
ProximalPhalanxTW,Two-Tower,0.909372,0.756098,0.269882,123
RefrigerationDevices,FEDformer,0.669487,0.510989,0.656941,364
RefrigerationDevices,Informer,0.690719,0.585165,0.558587,364
RefrigerationDevices,TS2Vec,0.699888,0.541209,0.607669,364
RefrigerationDevices,Two-Tower,0.645533,0.467033,0.751124,364
Rock,FEDformer,0.639561,0.380000,0.557543,50
Rock,Informer,0.575306,0.300000,0.593243,50
Rock,TS2Vec,0.482177,0.280000,0.648657,50
Rock,Two-Tower,0.953146,0.880000,0.179190,50
ScreenType,FEDformer,0.550273,0.200000,0.618006,60
ScreenType,Informer,0.579951,0.350000,0.631253,60
ScreenType,TS2Vec,0.597452,0.500000,0.619203,60
ScreenType,Two-Tower,0.630590,0.433333,0.635541,60
SemgHandGenderCh2,FEDformer,0.669158,0.678333,0.623796,600
SemgHandGenderCh2,Informer,0.819927,0.731667,0.543106,600
SemgHandGenderCh2,TS2Vec,0.709768,0.690000,0.660236,600
SemgHandGenderCh2,Two-Tower,0.895470,0.805000,0.426804,600
SemgHandMovementCh2,FEDformer,0.600492,0.231111,0.442564,450
SemgHandMovementCh2,Informer,0.706216,0.395556,0.418257,450
SemgHandMovementCh2,TS2Vec,0.618133,0.331111,0.443757,450
SemgHandMovementCh2,Two-Tower,0.725410,0.335556,0.417734,450
SemgHandSubjectCh2,FEDformer,0.712889,0.388889,0.452189,450
SemgHandSubjectCh2,Informer,0.810247,0.568889,0.375149,450
SemgHandSubjectCh2,TS2Vec,0.731043,0.482222,0.476216,450
SemgHandSubjectCh2,Two-Tower,0.918407,0.760000,0.273248,450
ShakeGestureWiimoteZ,FEDformer,0.692444,0.360000,0.304465,50
ShakeGestureWiimoteZ,Informer,0.748889,0.300000,0.347108,50
ShakeGestureWiimoteZ,TS2Vec,0.544444,0.140000,0.517236,50
ShakeGestureWiimoteZ,Two-Tower,0.936444,0.680000,0.198634,50
ShapeletSim,FEDformer,0.557778,0.533333,0.691378,180
ShapeletSim,Informer,0.897531,0.500000,0.682326,180
ShapeletSim,TS2Vec,0.412469,0.427778,0.694654,180
ShapeletSim,Two-Tower,0.524321,0.488889,0.710864,180
ShapesAll,FEDformer,0.810172,0.158333,0.076385,600
ShapesAll,Informer,0.676177,0.016667,0.084619,600
ShapesAll,TS2Vec,0.586811,0.093333,0.083824,600
ShapesAll,Two-Tower,0.926949,0.721667,0.035650,600
SmallKitchenAppliances,FEDformer,0.780313,0.754386,0.361925,57
SmallKitchenAppliances,Informer,0.670373,0.789474,0.352276,57
SmallKitchenAppliances,TS2Vec,0.650109,0.771930,0.408485,57
SmallKitchenAppliances,Two-Tower,0.724047,0.771930,0.390457,57
SonyAIBORobotSurface1,FEDformer,0.686029,0.430718,0.860142,599
SonyAIBORobotSurface1,Informer,0.965957,0.437396,0.679720,599
SonyAIBORobotSurface1,TS2Vec,0.179693,0.430718,0.722461,599
SonyAIBORobotSurface1,Two-Tower,0.953704,0.611018,0.591437,599
SonyAIBORobotSurface2,FEDformer,0.649110,0.616931,0.662644,945
SonyAIBORobotSurface2,Informer,0.894841,0.813757,0.507206,945
SonyAIBORobotSurface2,TS2Vec,0.670334,0.617989,0.669465,945
SonyAIBORobotSurface2,Two-Tower,0.859819,0.787302,0.460621,945
StarLightCurves,FEDformer,0.976734,0.960782,0.109722,8236
StarLightCurves,Informer,0.942322,0.867654,0.186262,8236
StarLightCurves,TS2Vec,0.926500,0.849077,0.285178,8236
StarLightCurves,Two-Tower,0.978197,0.938320,0.128454,8236
Strawberry,FEDformer,0.983925,0.948649,0.163111,370
Strawberry,Informer,0.858703,0.708108,0.582857,370
Strawberry,TS2Vec,0.690890,0.643243,0.630285,370
Strawberry,Two-Tower,0.965272,0.905405,0.232974,370
SwedishLeaf,FEDformer,0.937013,0.688000,0.147090,625
SwedishLeaf,Informer,0.790232,0.236800,0.219935,625
SwedishLeaf,TS2Vec,0.833268,0.131200,0.236786,625
SwedishLeaf,Two-Tower,0.987241,0.854400,0.072569,625
Symbols,FEDformer,0.801102,0.333668,0.423900,995
Symbols,Informer,0.912589,0.173869,0.502511,995
Symbols,TS2Vec,0.566011,0.164824,0.586985,995
Symbols,Two-Tower,0.974598,0.761809,0.184895,995
SyntheticControl,FEDformer,0.771493,0.456667,0.376998,300
SyntheticControl,Informer,0.989933,0.946667,0.156504,300
SyntheticControl,TS2Vec,0.891133,0.943333,0.421795,300
SyntheticControl,Two-Tower,0.976240,0.943333,0.148371,300
ToeSegmentation1,FEDformer,0.737423,0.666667,0.641999,228
ToeSegmentation1,Informer,0.740509,0.719298,0.648989,228
ToeSegmentation1,TS2Vec,0.732948,0.671053,0.681735,228
ToeSegmentation1,Two-Tower,0.582253,0.526316,0.725197,228
ToeSegmentation2,FEDformer,0.796384,0.776923,0.511831,130
ToeSegmentation2,Informer,0.667453,0.869231,0.584751,130
ToeSegmentation2,TS2Vec,0.628145,0.838462,0.673551,130
ToeSegmentation2,Two-Tower,0.645440,0.738462,0.601987,130
Trace,FEDformer,0.938168,0.420000,0.512040,100
Trace,Informer,0.937546,0.720000,0.397314,100
Trace,TS2Vec,0.946389,0.430000,0.535357,100
Trace,Two-Tower,0.968534,0.740000,0.184382,100
TwoLeadECG,FEDformer,0.830583,0.693591,0.647446,1139
TwoLeadECG,Informer,0.852237,0.737489,0.665629,1139
TwoLeadECG,TS2Vec,0.642321,0.500439,0.691187,1139
TwoLeadECG,Two-Tower,0.733019,0.631255,0.616907,1139
TwoPatterns,FEDformer,0.951759,0.912813,0.232206,3957
TwoPatterns,Informer,0.933520,0.813748,0.212909,3957
TwoPatterns,TS2Vec,0.958173,0.893101,0.444067,3957
TwoPatterns,Two-Tower,0.919840,0.758908,0.311917,3957
UMD,FEDformer,0.930194,0.888889,0.443809,144
UMD,Informer,0.901837,0.701389,0.516242,144
UMD,TS2Vec,0.796658,0.333333,0.635250,144
UMD,Two-Tower,0.936487,0.715278,0.351549,144
UWaveGestureLibraryAll,FEDformer,0.906828,0.668623,0.240971,3579
UWaveGestureLibraryAll,Informer,0.933533,0.683990,0.238168,3579
UWaveGestureLibraryAll,TS2Vec,0.862118,0.503493,0.340777,3579
UWaveGestureLibraryAll,Two-Tower,0.987434,0.919251,0.078604,3579
UWaveGestureLibraryX,FEDformer,0.864094,0.589253,0.274391,3238
UWaveGestureLibraryX,Informer,0.872069,0.657505,0.251836,3238
UWaveGestureLibraryX,TS2Vec,0.865103,0.556208,0.335087,3238
UWaveGestureLibraryX,Two-Tower,0.921573,0.746140,0.179435,3238
UWaveGestureLibraryY,FEDformer,0.809025,0.436993,0.303586,3206
UWaveGestureLibraryY,Informer,0.879821,0.551466,0.269441,3206
UWaveGestureLibraryY,TS2Vec,0.832236,0.454772,0.340712,3206
UWaveGestureLibraryY,Two-Tower,0.915566,0.636619,0.210623,3206
UWaveGestureLibraryZ,FEDformer,0.854062,0.490373,0.276907,3220
UWaveGestureLibraryZ,Informer,0.868313,0.576398,0.254049,3220
UWaveGestureLibraryZ,TS2Vec,0.855527,0.524224,0.328004,3220
UWaveGestureLibraryZ,Two-Tower,0.909259,0.671739,0.203550,3220
Wafer,FEDformer,0.999800,0.993934,0.015237,5935
Wafer,Informer,0.981059,0.966133,0.094938,5935
Wafer,TS2Vec,0.935048,0.887953,0.327715,5935
Wafer,Two-Tower,0.998475,0.985847,0.035213,5935
Wine,FEDformer,0.598080,0.500000,0.696905,54
Wine,Informer,0.622771,0.500000,0.692948,54
Wine,TS2Vec,0.473251,0.500000,0.694238,54
Wine,Two-Tower,0.588477,0.462963,0.696634,54
WordSynonyms,FEDformer,0.639257,0.269592,0.145836,638
WordSynonyms,Informer,0.558795,0.219436,0.153760,638
WordSynonyms,TS2Vec,0.508588,0.219436,0.162190,638
WordSynonyms,Two-Tower,0.810953,0.572100,0.105782,638
Worms,FEDformer,0.861664,0.545455,0.370872,77
Worms,Informer,0.557654,0.428571,0.472566,77
Worms,TS2Vec,0.583169,0.428571,0.458453,77
Worms,Two-Tower,0.697067,0.441558,0.516826,77
WormsTwoClass,FEDformer,0.724518,0.597403,0.653057,77
WormsTwoClass,Informer,0.612259,0.558442,0.676642,77
WormsTwoClass,TS2Vec,0.602617,0.571429,0.675897,77
WormsTwoClass,Two-Tower,0.586088,0.545455,0.674203,77
Yoga,FEDformer,0.723954,0.652333,0.608608,3000
Yoga,Informer,0.689725,0.658000,0.642629,3000
Yoga,TS2Vec,0.553100,0.555000,0.687998,3000
Yoga,Two-Tower,0.792950,0.733667,0.561833,3000
