Dataset,FEDformer AUC,FEDformer ACC,FEDformer LOSS,FEDformer N,Informer AUC,Informer ACC,Informer LOSS,Informer N,TS2Vec AUC,TS2Vec ACC,TS2Vec LOSS,TS2Vec N,Two-Tower AUC,Two-Tower ACC,Two-Tower LOSS,Two-Tower N
ACSF1,0.709333,0.190000,0.294364,100,0.730444,0.300000,0.295328,100,0.620444,0.180000,0.442712,100,0.927778,0.620000,0.183677,100
Adiac,0.853424,0.202046,0.110309,391,0.611339,0.015345,0.125706,391,0.550129,0.020460,0.126271,391,0.920727,0.375959,0.081418,391
AllGestureWiimoteX,0.654338,0.165932,0.317085,681,0.708022,0.236417,0.317532,681,0.549247,0.232012,0.330218,681,0.761985,0.337739,0.276840,681
AllGestureWiimoteY,0.686114,0.179845,0.307119,645,0.728132,0.207752,0.317076,645,0.559279,0.302326,0.328638,645,0.846381,0.468217,0.237549,645
AllGestureWiimoteZ,0.686849,0.210219,0.308488,685,0.703426,0.229197,0.316101,685,0.545711,0.201460,0.331598,685,0.782985,0.316788,0.278300,685
ArrowHead,0.821244,0.645714,0.532559,175,0.760785,0.525714,0.619364,175,0.506696,0.308571,0.650006,175,0.865077,0.720000,0.483826,175
BME,0.943467,0.933333,0.526496,150,0.794067,0.493333,0.578399,150,0.673733,0.333333,0.651173,150,0.871000,0.613333,0.473450,150
Beef,0.659722,0.200000,0.497244,30,0.655556,0.200000,0.525322,30,0.558333,0.233333,0.579615,30,0.813889,0.400000,0.402104,30
BeetleFly,0.950000,0.850000,0.600337,20,0.490000,0.450000,0.695482,20,0.130000,0.500000,0.702047,20,0.940000,0.900000,0.405587,20
BirdChicken,1.000000,0.900000,0.498309,20,1.000000,0.900000,0.652749,20,0.880000,0.750000,0.681495,20,0.670000,0.600000,0.669670,20
CBF,0.526550,0.312222,0.651508,900,0.946725,0.592222,0.540060,900,0.858215,0.475556,0.642187,900,0.969443,0.916667,0.291602,900
Car,0.754036,0.283333,0.562675,60,0.763649,0.216667,0.583483,60,0.587276,0.216667,0.576876,60,0.845916,0.633333,0.439288,60
Chinatown,0.952234,0.845481,0.473947,343,0.955225,0.862974,0.647841,343,0.747629,0.492711,0.693289,343,0.972998,0.848397,0.330689,343
ChlorineConcentration,0.555480,0.556250,0.582383,3840,0.541571,0.558073,0.586561,3840,0.503148,0.532552,0.599096,3840,0.649184,0.570052,0.555016,3840
CinCECGTorso,0.771977,0.460145,0.515296,1380,0.581975,0.318116,0.564634,1380,0.527780,0.289130,0.606625,1380,0.995196,0.948551,0.099205,1380
Coffee,1.000000,0.964286,0.659896,28,0.897436,0.571429,0.689255,28,0.615385,0.571429,0.692967,28,0.923077,0.821429,0.633252,28
CricketX,0.703533,0.200000,0.275724,390,0.783730,0.300000,0.260562,390,0.679577,0.220513,0.281661,390,0.876549,0.538462,0.194652,390
CricketY,0.718511,0.151282,0.270002,390,0.736328,0.266667,0.268117,390,0.646163,0.189744,0.282490,390,0.891519,0.525641,0.191079,390
CricketZ,0.694646,0.161538,0.274777,390,0.783150,0.351282,0.259485,390,0.683996,0.143590,0.281700,390,0.863436,0.558974,0.192180,390
Crop,0.951437,0.624389,0.081584,16778,0.956248,0.594469,0.078904,16778,0.884027,0.489391,0.119369,16778,0.958635,0.685719,0.067332,16778
DiatomSizeReduction,0.803947,0.300654,0.531696,306,0.521892,0.284314,0.593645,306,0.501753,0.307190,0.617844,306,0.984388,0.500000,0.465192,306
DistalPhalanxOutlineAgeGroup,0.736666,0.575758,0.524417,99,0.743593,0.646465,0.508463,99,0.676268,0.575758,0.563509,99,0.771343,0.666667,0.444356,99
DistalPhalanxOutlineCorrect,0.823374,0.753769,0.511460,199,0.815957,0.758794,0.522650,199,0.734160,0.608040,0.676884,199,0.800487,0.753769,0.523416,199
DistalPhalanxTW,0.751423,0.414894,0.439508,94,0.728474,0.414894,0.451760,94,0.534084,0.414894,0.463591,94,0.798530,0.563830,0.362054,94
DodgerLoopDay,0.487357,0.150000,0.410256,80,0.675548,0.300000,0.404298,80,0.516536,0.175000,0.454513,80,0.777050,0.412500,0.316566,80
DodgerLoopGame,0.565236,0.492754,0.694453,138,0.471170,0.434783,0.693163,138,0.625210,0.427536,0.692051,138,0.777567,0.731884,0.598922,138
DodgerLoopWeekend,0.541667,0.739130,0.677179,138,0.955338,0.927536,0.611246,138,0.223856,0.731884,0.679790,138,0.982026,0.978261,0.162874,138
ECG200,0.878038,0.750000,0.447968,100,0.861111,0.740000,0.495974,100,0.697049,0.640000,0.647021,100,0.850260,0.670000,0.572238,100
ECG5000,0.822990,0.930889,0.086073,4500,0.705824,0.927778,0.109814,4500,0.738565,0.873111,0.233524,4500,0.918075,0.935778,0.078855,4500
ECGFiveDays,0.973646,0.646922,0.629603,861,0.817163,0.632985,0.595589,861,0.870200,0.497096,0.696327,861,0.925250,0.716609,0.528747,861
EOGHorizontalSignal,0.642543,0.190608,0.267346,362,0.787194,0.245856,0.252916,362,0.696224,0.339779,0.276562,362,0.855209,0.464088,0.249147,362
EOGVerticalSignal,0.616999,0.116022,0.280202,362,0.770537,0.251381,0.265177,362,0.691038,0.312155,0.276315,362,0.850673,0.441989,0.257260,362
Earthquakes,0.702473,0.748201,0.519384,139,0.680769,0.748201,0.529925,139,0.655769,0.748201,0.568472,139,0.578022,0.733813,0.583525,139
EthanolLevel,0.600897,0.334000,0.549274,500,0.544621,0.248000,0.577227,500,0.519326,0.242000,0.562024,500,0.562463,0.298000,0.567459,500
FaceAll,0.862548,0.635503,0.201186,1690,0.801310,0.414201,0.226163,1690,0.782418,0.450888,0.252220,1690,0.948036,0.718343,0.151754,1690
FaceFour,0.661882,0.320988,0.589531,81,0.813369,0.320988,0.588951,81,0.634964,0.456790,0.584615,81,0.906479,0.716049,0.358023,81
FacesUCR,0.733130,0.236098,0.232367,2050,0.713958,0.316098,0.238329,2050,0.614698,0.145854,0.257835,2050,0.941025,0.745366,0.119065,2050
FiftyWords,0.737208,0.263736,0.081709,455,0.591826,0.153846,0.090729,455,0.516981,0.202198,0.091758,455,0.896044,0.657143,0.044706,455
Fish,0.874472,0.554286,0.362782,175,0.799364,0.274286,0.419535,175,0.610324,0.131429,0.414125,175,0.928492,0.760000,0.184456,175
FordA,0.700096,0.643939,0.637196,1320,0.924216,0.827273,0.337816,1320,0.961844,0.903030,0.389541,1320,0.582592,0.568939,0.694685,1320
FordB,0.640081,0.601235,0.721945,810,0.733643,0.665432,0.740526,810,0.816852,0.756790,0.549158,810,0.492455,0.502469,0.693945,810
FreezerRegularTrain,0.981125,0.927719,0.405084,2850,0.816702,0.778947,0.529237,2850,0.817311,0.776842,0.659120,2850,0.943235,0.931930,0.256584,2850
FreezerSmallTrain,0.953242,0.792632,0.660786,2850,0.794904,0.751228,0.556167,2850,0.847287,0.799649,0.681164,2850,0.834136,0.755789,0.523981,2850
GestureMidAirD1,0.708985,0.153846,0.155393,130,0.686585,0.038462,0.167904,130,0.556985,0.138462,0.205854,130,0.950523,0.561538,0.078192,130
GestureMidAirD2,0.697292,0.138462,0.155959,130,0.730831,0.053846,0.167650,130,0.565108,0.069231,0.196700,130,0.958462,0.523077,0.082428,130
GestureMidAirD3,0.664246,0.115385,0.158351,130,0.686400,0.038462,0.167870,130,0.532677,0.038462,0.198979,130,0.912123,0.469231,0.103979,130
GesturePebbleZ1,0.770214,0.360465,0.377422,172,0.818455,0.453488,0.399438,172,0.532639,0.168605,0.456602,172,0.962838,0.825581,0.181829,172
GesturePebbleZ2,0.782490,0.398734,0.377654,158,0.803323,0.468354,0.392224,158,0.534675,0.208861,0.451984,158,0.957379,0.791139,0.212573,158
GunPoint,0.992710,0.946667,0.311644,150,0.851707,0.726667,0.585844,150,0.387624,0.493333,0.696384,150,0.977418,0.913333,0.309819,150
GunPointAgeSpan,0.998397,0.971519,0.092742,316,0.978646,0.917722,0.234265,316,0.800280,0.727848,0.678459,316,0.984696,0.927215,0.179953,316
GunPointMaleVersusFemale,0.995341,0.987342,0.155511,316,0.997590,0.939873,0.157441,316,0.995863,0.822785,0.629623,316,0.998956,0.984177,0.041057,316
GunPointOldVersusYoung,0.971354,0.926984,0.281282,315,0.938061,0.885714,0.351405,315,0.694747,0.634921,0.678243,315,0.987313,0.961905,0.175401,315
Ham,0.803195,0.695238,0.650776,105,0.722222,0.676190,0.640748,105,0.695352,0.523810,0.687616,105,0.833333,0.714286,0.516650,105
HandOutlines,0.906602,0.848649,0.374991,370,0.929920,0.897297,0.298742,370,0.726500,0.640541,0.638228,370,0.928682,0.905405,0.312376,370
Haptics,0.601849,0.288961,0.493692,308,0.676974,0.318182,0.506627,308,0.510806,0.198052,0.517839,308,0.730703,0.431818,0.496161,308
Herring,0.517206,0.593750,0.677051,64,0.519231,0.593750,0.677623,64,0.459514,0.593750,0.676289,64,0.574899,0.593750,0.673436,64
HouseTwenty,0.985797,0.974790,0.272229,119,0.894493,0.840336,0.456797,119,0.426377,0.411765,0.695017,119,0.871304,0.840336,0.454864,119
InlineSkate,0.586514,0.169091,0.402023,550,0.574775,0.190909,0.417981,550,0.492824,0.085455,0.461325,550,0.556289,0.160000,0.445015,550
InsectEPGRegularTrain,0.840911,0.730924,0.468776,249,0.822042,0.714859,0.464319,249,0.644267,0.522088,0.610188,249,0.838442,0.690763,0.415487,249
InsectEPGSmallTrain,0.829956,0.670683,0.539068,249,0.823634,0.686747,0.550176,249,0.730585,0.670683,0.645129,249,0.802432,0.650602,0.475339,249
InsectWingbeatSound,0.858854,0.472727,0.250656,1980,0.740741,0.248990,0.298890,1980,0.607758,0.162121,0.306992,1980,0.939300,0.626263,0.159005,1980
ItalyPowerDemand,0.927561,0.841440,0.392218,1028,0.954045,0.907588,0.386705,1028,0.870399,0.824903,0.683218,1028,0.989754,0.950389,0.222850,1028
LargeKitchenAppliances,0.273016,0.235294,0.703457,17,0.428571,0.411765,0.694663,17,0.496825,0.294118,0.737854,17,0.461905,0.176471,0.676849,17
Lightning2,0.656926,0.557377,0.669692,61,0.743506,0.606557,0.639860,61,0.597403,0.540984,0.680183,61,0.751082,0.704918,0.619484,61
Lightning7,0.695947,0.356164,0.385363,73,0.842440,0.424658,0.372924,73,0.520378,0.315068,0.464630,73,0.945413,0.684932,0.216022,73
Mallat,0.779987,0.123241,0.386223,2345,0.737674,0.123241,0.412380,2345,0.426823,0.093817,0.468630,2345,0.991514,0.795309,0.115975,2345
Meat,0.922917,0.550000,0.629892,60,0.755417,0.416667,0.635308,60,0.772500,0.333333,0.640251,60,0.970833,0.866667,0.520253,60
MedicalImages,0.820925,0.555263,0.202371,760,0.757762,0.511842,0.234506,760,0.501558,0.514474,0.256008,760,0.909575,0.614474,0.169945,760
MelbournePedestrian,0.955186,0.786804,0.125555,2425,0.952706,0.769072,0.136253,2425,0.844962,0.565361,0.287788,2425,0.952644,0.789278,0.116650,2425
MiddlePhalanxOutlineAgeGroup,0.590990,0.612245,0.543084,147,0.593695,0.619048,0.557821,147,0.532071,0.598639,0.558624,147,0.573144,0.625850,0.551797,147
MiddlePhalanxOutlineCorrect,0.870021,0.775362,0.473366,276,0.829167,0.681159,0.612621,276,0.756813,0.576087,0.678843,276,0.867494,0.786232,0.468025,276
MiddlePhalanxTW,0.648390,0.400000,0.449610,110,0.648064,0.400000,0.462185,110,0.470396,0.400000,0.461050,110,0.653806,0.427273,0.441644,110
MixedShapesRegularTrain,0.940157,0.871340,0.234715,2425,0.929313,0.729485,0.246367,2425,0.854924,0.691546,0.452677,2425,0.958653,0.841237,0.172385,2425
MixedShapesSmallTrain,0.881580,0.762887,0.384292,2425,0.846620,0.735258,0.458096,2425,0.596591,0.290722,0.504893,2425,0.919892,0.743093,0.254110,2425
MoteStrain,0.824637,0.777060,0.585994,1238,0.917291,0.838449,0.560667,1238,0.446644,0.489499,0.696782,1238,0.961265,0.890953,0.348998,1238
NonInvasiveFetalECGThorax1,0.857657,0.209669,0.096892,1965,0.822167,0.069211,0.100616,1965,0.914731,0.208651,0.103413,1965,0.993971,0.870738,0.020920,1965
NonInvasiveFetalECGThorax2,0.878296,0.251908,0.091573,1965,0.741882,0.097201,0.105104,1965,0.930368,0.252417,0.102613,1965,0.995242,0.899237,0.016118,1965
OSULeaf,0.823405,0.433884,0.380937,242,0.726939,0.247934,0.442141,242,0.597068,0.181818,0.445865,242,0.723120,0.458678,0.423009,242
OliveOil,0.722030,0.400000,0.532679,30,0.505270,0.400000,0.553628,30,0.498647,0.400000,0.599001,30,0.956594,0.400000,0.507742,30
PLAID,0.754193,0.351955,0.252174,537,0.817383,0.463687,0.220327,537,0.779917,0.590317,0.256763,537,0.887662,0.662942,0.172782,537
PhalangesOutlinesCorrect,0.837849,0.778523,0.473760,596,0.826622,0.778523,0.487762,596,0.709388,0.647651,0.636495,596,0.851369,0.805369,0.442758,596
Phoneme,0.473355,0.112988,0.111161,1894,0.569564,0.112988,0.121432,1894,0.496155,0.130412,0.158561,1894,0.535178,0.109293,0.115262,1894
PickupGestureWiimoteZ,0.694667,0.200000,0.308556,50,0.797778,0.200000,0.351838,50,0.520000,0.180000,0.514739,50,0.897333,0.640000,0.202042,50
PigAirwayPressure,0.499434,0.038462,0.095375,208,0.502687,0.019231,0.238529,208,0.516426,0.028846,0.393117,208,0.467642,0.019231,0.099967,208
PigArtPressure,0.502357,0.019231,0.095805,208,0.508602,0.028846,0.239790,208,0.479520,0.004808,0.314846,208,0.478790,0.028846,0.098169,208
PigCVP,0.500495,0.019231,0.095522,208,0.471743,0.024038,0.235751,208,0.534125,0.024038,0.333022,208,0.487368,0.014423,0.098138,208
Plane,0.940574,0.733333,0.335534,105,0.967199,0.304762,0.413055,105,0.540611,0.114286,0.430540,105,0.997893,0.961905,0.055607,105
PowerCons,0.785556,0.716667,0.563929,180,0.984074,0.922222,0.189977,180,0.919877,0.816667,0.643083,180,0.988148,0.972222,0.142302,180
ProximalPhalanxOutlineAgeGroup,0.700107,0.716981,0.423508,106,0.772699,0.773585,0.472325,106,0.550902,0.773585,0.460916,106,0.814645,0.754717,0.362090,106
ProximalPhalanxOutlineCorrect,0.967925,0.925620,0.190854,121,0.934591,0.917355,0.330348,121,0.949686,0.876033,0.405449,121,0.968553,0.942149,0.172647,121
ProximalPhalanxTW,0.784038,0.544715,0.364846,123,0.833592,0.544715,0.377645,123,0.517581,0.544715,0.389598,123,0.909372,0.756098,0.269882,123
RefrigerationDevices,0.669487,0.510989,0.656941,364,0.690719,0.585165,0.558587,364,0.699888,0.541209,0.607669,364,0.645533,0.467033,0.751124,364
Rock,0.639561,0.380000,0.557543,50,0.575306,0.300000,0.593243,50,0.482177,0.280000,0.648657,50,0.953146,0.880000,0.179190,50
ScreenType,0.550273,0.200000,0.618006,60,0.579951,0.350000,0.631253,60,0.597452,0.500000,0.619203,60,0.630590,0.433333,0.635541,60
SemgHandGenderCh2,0.669158,0.678333,0.623796,600,0.819927,0.731667,0.543106,600,0.709768,0.690000,0.660236,600,0.895470,0.805000,0.426804,600
SemgHandMovementCh2,0.600492,0.231111,0.442564,450,0.706216,0.395556,0.418257,450,0.618133,0.331111,0.443757,450,0.725410,0.335556,0.417734,450
SemgHandSubjectCh2,0.712889,0.388889,0.452189,450,0.810247,0.568889,0.375149,450,0.731043,0.482222,0.476216,450,0.918407,0.760000,0.273248,450
ShakeGestureWiimoteZ,0.692444,0.360000,0.304465,50,0.748889,0.300000,0.347108,50,0.544444,0.140000,0.517236,50,0.936444,0.680000,0.198634,50
ShapeletSim,0.557778,0.533333,0.691378,180,0.897531,0.500000,0.682326,180,0.412469,0.427778,0.694654,180,0.524321,0.488889,0.710864,180
ShapesAll,0.810172,0.158333,0.076385,600,0.676177,0.016667,0.084619,600,0.586811,0.093333,0.083824,600,0.926949,0.721667,0.035650,600
SmallKitchenAppliances,0.780313,0.754386,0.361925,57,0.670373,0.789474,0.352276,57,0.650109,0.771930,0.408485,57,0.724047,0.771930,0.390457,57
SonyAIBORobotSurface1,0.686029,0.430718,0.860142,599,0.965957,0.437396,0.679720,599,0.179693,0.430718,0.722461,599,0.953704,0.611018,0.591437,599
SonyAIBORobotSurface2,0.649110,0.616931,0.662644,945,0.894841,0.813757,0.507206,945,0.670334,0.617989,0.669465,945,0.859819,0.787302,0.460621,945
StarLightCurves,0.976734,0.960782,0.109722,8236,0.942322,0.867654,0.186262,8236,0.926500,0.849077,0.285178,8236,0.978197,0.938320,0.128454,8236
Strawberry,0.983925,0.948649,0.163111,370,0.858703,0.708108,0.582857,370,0.690890,0.643243,0.630285,370,0.965272,0.905405,0.232974,370
SwedishLeaf,0.937013,0.688000,0.147090,625,0.790232,0.236800,0.219935,625,0.833268,0.131200,0.236786,625,0.987241,0.854400,0.072569,625
Symbols,0.801102,0.333668,0.423900,995,0.912589,0.173869,0.502511,995,0.566011,0.164824,0.586985,995,0.974598,0.761809,0.184895,995
SyntheticControl,0.771493,0.456667,0.376998,300,0.989933,0.946667,0.156504,300,0.891133,0.943333,0.421795,300,0.976240,0.943333,0.148371,300
ToeSegmentation1,0.737423,0.666667,0.641999,228,0.740509,0.719298,0.648989,228,0.732948,0.671053,0.681735,228,0.582253,0.526316,0.725197,228
ToeSegmentation2,0.796384,0.776923,0.511831,130,0.667453,0.869231,0.584751,130,0.628145,0.838462,0.673551,130,0.645440,0.738462,0.601987,130
Trace,0.938168,0.420000,0.512040,100,0.937546,0.720000,0.397314,100,0.946389,0.430000,0.535357,100,0.968534,0.740000,0.184382,100
TwoLeadECG,0.830583,0.693591,0.647446,1139,0.852237,0.737489,0.665629,1139,0.642321,0.500439,0.691187,1139,0.733019,0.631255,0.616907,1139
TwoPatterns,0.951759,0.912813,0.232206,3957,0.933520,0.813748,0.212909,3957,0.958173,0.893101,0.444067,3957,0.919840,0.758908,0.311917,3957
UMD,0.930194,0.888889,0.443809,144,0.901837,0.701389,0.516242,144,0.796658,0.333333,0.635250,144,0.936487,0.715278,0.351549,144
UWaveGestureLibraryAll,0.906828,0.668623,0.240971,3579,0.933533,0.683990,0.238168,3579,0.862118,0.503493,0.340777,3579,0.987434,0.919251,0.078604,3579
UWaveGestureLibraryX,0.864094,0.589253,0.274391,3238,0.872069,0.657505,0.251836,3238,0.865103,0.556208,0.335087,3238,0.921573,0.746140,0.179435,3238
UWaveGestureLibraryY,0.809025,0.436993,0.303586,3206,0.879821,0.551466,0.269441,3206,0.832236,0.454772,0.340712,3206,0.915566,0.636619,0.210623,3206
UWaveGestureLibraryZ,0.854062,0.490373,0.276907,3220,0.868313,0.576398,0.254049,3220,0.855527,0.524224,0.328004,3220,0.909259,0.671739,0.203550,3220
Wafer,0.999800,0.993934,0.015237,5935,0.981059,0.966133,0.094938,5935,0.935048,0.887953,0.327715,5935,0.998475,0.985847,0.035213,5935
Wine,0.598080,0.500000,0.696905,54,0.622771,0.500000,0.692948,54,0.473251,0.500000,0.694238,54,0.588477,0.462963,0.696634,54
WordSynonyms,0.639257,0.269592,0.145836,638,0.558795,0.219436,0.153760,638,0.508588,0.219436,0.162190,638,0.810953,0.572100,0.105782,638
Worms,0.861664,0.545455,0.370872,77,0.557654,0.428571,0.472566,77,0.583169,0.428571,0.458453,77,0.697067,0.441558,0.516826,77
WormsTwoClass,0.724518,0.597403,0.653057,77,0.612259,0.558442,0.676642,77,0.602617,0.571429,0.675897,77,0.586088,0.545455,0.674203,77
Yoga,0.723954,0.652333,0.608608,3000,0.689725,0.658000,0.642629,3000,0.553100,0.555000,0.687998,3000,0.792950,0.733667,0.561833,3000
